Name;Country;UN_regional_group;System_of_Government;First_day_in_office;Last_day_in_office;Alma_mater;Location;Field_of_study;Source;Access_date 
Gaston Alfonso Browne;Antigua and Barbuda;GRULAC;Parliamentarism;13/06/2014;-;City Banking College ;United Kingdom;Banking;https://web.archive.org/web/20140715095306/http://www.caricom.org/jsp/community/antigua_barbuda.jsp?null&prnf=1;08/11/2022
Gaston Alfonso Browne;Antigua and Barbuda;GRULAC;Parliamentarism;13/06/2014;-;University of Manchester;United Kingdom;Finance (MA);https://web.archive.org/web/20140715095306/http://www.caricom.org/jsp/community/antigua_barbuda.jsp?null&prnf=2;08/11/2022
Winston Baldwin Spencer ;Antigua and Barbuda;GRULAC;Parliamentarism;24/08/2004;13/06/2014;Coady International Institute ;Canada;Social Leadership ;http://www.caribbeanelections.com/knowledge/biography/bios/spencer_baldwin.asp;08/11/2022
Winston Baldwin Spencer ;Antigua and Barbuda;GRULAC;Parliamentarism;24/08/2004;13/06/2014;Ruskin College ;United Kingdom;Labour and Economic Studies ;East, R., & Thomas, R.J. (2003). Profiles of People in Power: The World's Government Leaders (1st ed.). Routledge. https://doi.org/10.4324/9781315759517;08/11/2022
Winston Baldwin Spencer ;Antigua and Barbuda;GRULAC;Parliamentarism;24/08/2004;13/06/2014;Oslo University;Norway;Labour and Industrial Relation Systems ;East, R., & Thomas, R.J. (2003). Profiles of People in Power: The World's Government Leaders (1st ed.). Routledge. https://doi.org/10.4324/9781315759517;08/11/2022
Lester Bryant Bird ;Antigua and Barbuda;GRULAC;Parliamentarism;09/03/1994;24/08/2004;University of Michigan;United States;-;East, R., & Thomas, R.J. (2003). Profiles of People in Power: The World's Government Leaders (1st ed.). Routledge. https://doi.org/10.4324/9781315759517;08/11/2022
Vere Bird;Antigua and Barbuda;GRULAC;Parliamentarism;01/11/1981;09/03/1994;-;-;-;http://www.caribbeanelections.com/knowledge/biography/bios/bird_vere.asp;08/11/2022
Mauricio Macri;Argentina;GRULAC;Presidentialism;10/12/2015;10/12/2019;Catholic University of Argentina;Argentina;Civil engineering ;https://www.casarosada.gob.ar/international/the-president/biography;08/11/2022
Mauricio Macri;Argentina;GRULAC;Presidentialism;10/12/2015;10/12/2019;Columbia University;United States;-;https://www.casarosada.gob.ar/international/the-president/biography;08/11/2022
Cristina Fernández de Kirchner;Argentina;GRULAC;Presidentialism;10/12/2007;10/12/2015;National University of La Plata;Argentina;Law;https://www.lanacion.com.ar/politica/bonadio-sobreseyo-a-cristina-kirchner-por-su-titulo-de-abogada-nid1906402/;08/11/2022
Néstor Kirchner;Argentina;GRULAC;Presidentialism;25/05/2003;10/12/2007;National University of La Plata;Argentina;Law;https://www.clarin.com/gobierno/chico-formado-implacables-vientos-sur_0_ByWmTQs6wQx.html;08/11/2022
Eduardo Duhalde;Argentina;GRULAC;Presidentialism;02/01/2002;25/05/2003;University of Buenos Aires;Argentina;Law;East, R., & Thomas, R.J. (2003). Profiles of People in Power: The World's Government Leaders (1st ed.). Routledge. https://doi.org/10.4324/9781315759517;08/11/2022
Adolfo Rodríguez Saá;Argentina;GRULAC;Presidentialism;23/12/2001;30/12/2001;University of Buenos Aires;Argentina;Law;https://www.cidob.org/biografias_lideres_politicos/america_del_sur/argentina/adolfo_rodriguez_saa;08/11/2022
Fernando de la Rúa;Argentina;GRULAC;Presidentialism;10/12/1999;21/12/2001;National University of Córdoba;Argentina;Law;https://www.lanacion.com.ar/politica/sereno-y-distante-de-la-rua-cuenta-por-que-se-fue-nid416029/;08/11/2022
Carlos Menem;Argentina;GRULAC;Presidentialism;08/07/1989;10/12/1995;National University of Córdoba;Argentina;Law;https://www.cidob.org/biografias_lideres_politicos/america_del_sur/argentina/carlos_menem;08/11/2022
Hubert Minnis;Bahamas, The;GRULAC;Parliamentarism;11/05/2017;17/09/2021;University of Minnesota ;United States;Biology;http://www.caribbeanelections.com/knowledge/biography/bios/minnis_hubert.asp;08/11/2022
Hubert Minnis;Bahamas, The;GRULAC;Parliamentarism;11/05/2017;17/09/2021;University of the West Indies;Jamaica;Medicine ;http://www.caribbeanelections.com/knowledge/biography/bios/minnis_hubert.asp;08/11/2022
Perry Gladstone Christie;Bahamas, The;GRULAC;Parliamentarism;08/05/2012;11/05/2017;Birmingham University;United Kingdom;Law;http://www.caribbeanelections.com/knowledge/biography/bios/christie_perry.asp;08/11/2022
Hubert Ingraham;Bahamas, The;GRULAC;Parliamentarism;04/05/2007;08/05/2012;-;-;-;http://www.caribbeanelections.com/knowledge/biography/bios/ingraham_hubert.asp;08/11/2022
Perry Gladstone Christie;Bahamas, The;GRULAC;Parliamentarism;03/04/2002;04/05/2007;Birmingham University;United Kingdom;Law;http://www.caribbeanelections.com/knowledge/biography/bios/christie_perry.asp;08/11/2022
Hubert Ingraham;Bahamas, The;GRULAC;Parliamentarism;21/08/1992;03/05/2002;-;-;-;http://www.caribbeanelections.com/knowledge/biography/bios/ingraham_hubert.asp;08/11/2022
Freundel Stuart;Barbados;GRULAC;Parliamentarism;23/10/2010;25/05/2018;University of the West Indies - Cave Hill;Barbados;Political Science and History ;http://www.caribbeanelections.com/knowledge/biography/bios/stuart_freundel.asp;08/11/2022
David Thompson;Barbados;GRULAC;Parliamentarism;16/01/2008;23/10/2010;University of the West Indies - Cave Hill;Barbados;Law;http://www.caribbeanelections.com/knowledge/biography/bios/thompson_david.asp;08/11/2022
David Thompson;Barbados;GRULAC;Parliamentarism;16/01/2008;23/10/2010;University of the West Indies - St. Augustine Campus;Trinidad and Tobago;Law;http://www.caribbeanelections.com/knowledge/biography/bios/thompson_david.asp;08/11/2022
Owen Seymour Arthur;Barbados;GRULAC;Parliamentarism;06/09/1994;15/01/2008;University of the West Indies - Cave Hill;Barbados;Economics;http://www.caribbeanelections.com/knowledge/biography/bios/arthur_owen.asp;08/11/2022
Lloyd Erskine Sandiford;Barbados;GRULAC;Parliamentarism;01/06/1987;06/09/1994;University of the West Indies in Jamaica;Jamaica;Bachelor of Arts in English;http://www.caribbeanelections.com/knowledge/biography/bios/sandiford_lloyd.asp;08/11/2022
Lloyd Erskine Sandiford;Barbados;GRULAC;Parliamentarism;01/06/1987;06/09/1994;University of Manchester;United Kingdom;Economics and social studies (MA);http://www.caribbeanelections.com/knowledge/biography/bios/sandiford_lloyd.asp;08/11/2022
Dean Oliver Barrow;Belize;GRULAC;Parliamentarism;08/02/2008;12/11/2020;University of the West Indies, Cave Hill ;Barbados;Law;http://www.caribbeanelections.com/knowledge/biography/bios/barrow_dean.asp;08/11/2022
Dean Oliver Barrow;Belize;GRULAC;Parliamentarism;08/02/2008;12/11/2020;Norman Manley Law School;Jamaica;Law;http://www.caribbeanelections.com/knowledge/biography/bios/barrow_dean.asp;08/11/2022
Dean Oliver Barrow;Belize;GRULAC;Parliamentarism;08/02/2008;12/11/2020;University of Miami;United States;Law;http://www.caribbeanelections.com/knowledge/biography/bios/barrow_dean.asp;08/11/2022
Dean Oliver Barrow;Belize;GRULAC;Parliamentarism;08/02/2008;12/11/2020;University of Miami ;United States;International Relations;http://www.caribbeanelections.com/knowledge/biography/bios/barrow_dean.asp;08/11/2022
Said Wilbert Musa ;Belize;GRULAC;Parliamentarism;28/08/1998;08/02/2008;University of Manchester ;United Kingdom;Law;http://www.caribbeanelections.com/knowledge/biography/bios/musa_said.asp;08/11/2022
Manuel Amadeo Esquivel ;Belize;GRULAC;Parliamentarism;03/07/1993;30/08/1998;Loyola University New Orleans;United States;Bachelor of Science ;http://www.caribbeanelections.com/knowledge/biography/bios/esquivel_manuel.asp;08/11/2022
Manuel Amadeo Esquivel ;Belize;GRULAC;Parliamentarism;03/07/1993;30/08/1998;Bristol University;United Kingdom;-;http://www.caribbeanelections.com/knowledge/biography/bios/esquivel_manuel.asp;08/11/2022
George Cadle Price;Belize;GRULAC;Parliamentarism;07/09/1989;13/07/1993;Jesuit Minor Seminary at St. Augustine;United States;Theology;http://www.caribbeanelections.com/knowledge/biography/bios/price_george.asp;08/11/2022
George Cadle Price;Belize;GRULAC;Parliamentarism;07/09/1989;13/07/1993;Major Seminary in Guatemala City;Guatemala;Theology;http://www.caribbeanelections.com/knowledge/biography/bios/price_george.asp;08/11/2022
Juan Evo Morales Ayma;Bolivia;GRULAC;Presidentialism;22/01/2006;10/11/2019;-;-;-;Harten, Sven (2011). The Rise of Evo Morales and the MAS. London and New York: Zed Books. ISBN 978-1-84813-523-9.;08/11/2022
Eduardo Rodríguez Veltzé;Bolivia;GRULAC;Presidentialism;09/06/2005;22/01/2006;Universidad Mayor San Simón (UMSS);Bolivia;Law;https://www.cidob.org/biografias_lideres_politicos/america_del_sur/bolivia/eduardo_rodriguez_veltze;08/11/2022
Eduardo Rodríguez Veltzé;Bolivia;GRULAC;Presidentialism;09/06/2005;22/01/2006;Harvard University - Kennedy School of Government;United States;MA in Public Administration;https://www.cidob.org/biografias_lideres_politicos/america_del_sur/bolivia/eduardo_rodriguez_veltze;08/11/2022
Carlos Diego de Mesa Gisbert;Bolivia;GRULAC;Presidentialism;17/10/2003;09/06/2005;Universidad Complutense de Madrid;Spain;Political Science ;https://www.bibliotecavirtualcarlosdmesa.com/curriculum/curriculum/1;08/11/2022
Carlos Diego de Mesa Gisbert;Bolivia;GRULAC;Presidentialism;17/10/2003;09/06/2005;Universidad Mayor de San Andrés (UMSA);Bolivia;Literature;https://www.bibliotecavirtualcarlosdmesa.com/curriculum/curriculum/1;08/11/2022
Gonzalo Sánchez de Lozada;Bolivia;GRULAC;Presidentialism;06/08/2002;17/10/2003;University of Chigago;United States;Literature and philosophy ;https://web.archive.org/web/20080831054853/http://www.presidencia.gov.bo/Presidentes_Bolivia/pr61.htm / https://www.historicly.net/p/like-water-for-capitalists;08/11/2022
Jorge Quiroga;Bolivia;GRULAC;Presidentialism;07/08/2001;06/08/2002;Texas A&M University;United States;Industrial Engineering ;https://www.aggienetwork.com/tribute/index/8-25/;08/11/2022
Jorge Quiroga;Bolivia;GRULAC;Presidentialism;07/08/2001;06/08/2002;Edward’s University ;United States;-;https://www.aggienetwork.com/tribute/index/8-25/;08/11/2022
Hugo Banzer;Bolivia;GRULAC;Presidentialism;06/08/1997;07/08/2001;Escuela de Altos Estudios Militares;Bolivia;-;https://www.cidob.org/biografias_lideres_politicos/america_del_sur/bolivia/hugo_banzer_suarez;08/11/2022
Hugo Banzer;Bolivia;GRULAC;Presidentialism;06/08/1997;07/08/2001;Armored Cavalry School;United States;-;https://www.cidob.org/biografias_lideres_politicos/america_del_sur/bolivia/hugo_banzer_suarez;08/11/2022
Hugo Banzer;Bolivia;GRULAC;Presidentialism;06/08/1997;07/08/2001;School of the Americas;United States;-;https://www.cidob.org/biografias_lideres_politicos/america_del_sur/bolivia/hugo_banzer_suarez;08/11/2022
Gonzalo Sánchez de Lozada;Bolivia;GRULAC;Presidentialism;06/08/1993;06/08/1997;University of Chigago;United States;Literature and philosophy ;https://web.archive.org/web/20080831054853/http://www.presidencia.gov.bo/Presidentes_Bolivia/pr61.htm / https://www.historicly.net/p/like-water-for-capitalists;08/11/2022
Jaime Paz Zamora;Bolivia;GRULAC;Presidentialism;06/08/1989;06/08/1993;Université catholique de Louvain ;Belgium;Social sciences;https://www.biografiasyvidas.com/biografia/p/paz_zamora.htm;08/11/2022
Michel Temer;Brazil;GRULAC;Presidentialism;31/08/2016;31/12/2018;Universidade de São Paulo (USP);Brazil;Law;https://www18.fgv.br/CPDOC/acervo/dicionarios/verbete-biografico/michel-miguel-elias-temer-lulia;08/11/2022
Michel Temer;Brazil;GRULAC;Presidentialism;31/08/2016;31/12/2018;Pontifícia Universidade Católica de São Paulo (PUC-SP);Brazil;Law;https://www18.fgv.br/CPDOC/acervo/dicionarios/verbete-biografico/michel-miguel-elias-temer-lulia;08/11/2022
Dilma Vana Rousseff ;Brazil;GRULAC;Presidentialism;01/01/2011;31/08/2016;Universidade Federal do Rio Grande do Sul (UFRGS);;Economics;https://www18.fgv.br/CPDOC/acervo/dicionarios/verbete-biografico/dilma-vana-rousseff;08/11/2022
Luiz Inácio Lula da Silva;Brazil;GRULAC;Presidentialism;01/01/2003;31/12/2010;-;-;-;https://www18.fgv.br/CPDOC/acervo/dicionarios/verbete-biografico/luis-inacio-da-silva;08/11/2022
Fernando Henrique Cardoso;Brazil;GRULAC;Presidentialism;01/01/1995;31/12/2002;Universidade de São Paulo (USP);Brazil;Social sciences;https://www18.fgv.br/CPDOC/acervo/dicionarios/verbete-biografico/cardoso-fernando-henrique;08/11/2022
Fernando Henrique Cardoso;Brazil;GRULAC;Presidentialism;01/01/1995;31/12/2002;Universidade de São Paulo (USP);Brazil;Social sciences (PhD);https://www18.fgv.br/CPDOC/acervo/dicionarios/verbete-biografico/cardoso-fernando-henrique;08/11/2022
Fernando Henrique Cardoso;Brazil;GRULAC;Presidentialism;01/01/1995;31/12/2002;Université de Paris ;France;-;https://www18.fgv.br/CPDOC/acervo/dicionarios/verbete-biografico/cardoso-fernando-henrique;08/11/2022
Itamar Franco;Brazil;GRULAC;Presidentialism;29/12/1992;31/12/1994;Universidade Federal de Juiz de Fora;Brazil;Bachelor of Engineering;https://www18.fgv.br/CPDOC/acervo/dicionarios/verbete-biografico/itamar-augusto-cautiero-franco;08/11/2022
Fernando Collor de Mello;Brazil;GRULAC;Presidentialism;15/03/1990;29/12/1992;Universidade de Brasília ;Brazil;Economics;https://www18.fgv.br/CPDOC/acervo/dicionarios/verbete-biografico/collor-fernando;08/11/2022
Michelle Bachelet;Chile;GRULAC;Presidentialism;01/09/2018;31/08/2022;Humboldt University of Berlin;Germany;Medicine (unfinished);https://web.archive.org/web/20060212125355/http://www.lanacion.cl/prontus_noticias/site/artic/20060116/pags/20060116011432.html;08/11/2022
Michelle Bachelet;Chile;GRULAC;Presidentialism;01/09/2018;31/08/2022;Universidad de Chile;Chile;Medicine ;https://web.archive.org/web/20060212125355/http://www.lanacion.cl/prontus_noticias/site/artic/20060116/pags/20060116011432.html;08/11/2022
Sebastián Piñera;Chile;GRULAC;Presidentialism;11/03/2010;11/03/2014;Pontificia Universidad Católica de Chile ;Chile;Economics;https://www.buscabiografias.com/biografia/verDetalle/9748/Miguel%20Juan%20Sebastian%20Pinera%20Echenique;08/11/2022
Sebastián Piñera;Chile;GRULAC;Presidentialism;11/03/2010;11/03/2014;Harvard University;United States;Economics (MA);https://www.buscabiografias.com/biografia/verDetalle/9748/Miguel%20Juan%20Sebastian%20Pinera%20Echenique;08/11/2022
Sebastián Piñera;Chile;GRULAC;Presidentialism;11/03/2010;11/03/2014;Harvard University;United States;Economics (PhD);https://www.buscabiografias.com/biografia/verDetalle/9748/Miguel%20Juan%20Sebastian%20Pinera%20Echenique;08/11/2022
Michelle Bachelet;Chile;GRULAC;Presidentialism;11/03/2006;11/03/2010;Humboldt University of Berlin;Germany;Medicine (unfinished);https://web.archive.org/web/20060212125355/http://www.lanacion.cl/prontus_noticias/site/artic/20060116/pags/20060116011432.html;08/11/2022
Michelle Bachelet;Chile;GRULAC;Presidentialism;11/03/2006;11/03/2010;Universidad de Chile;Chile;Medicine ;https://web.archive.org/web/20060212125355/http://www.lanacion.cl/prontus_noticias/site/artic/20060116/pags/20060116011432.html;08/11/2022
Ricardo Froilán Lagos Escobar;Chile;GRULAC;Presidentialism;11/03/2000;11/03/2006;Universidad de Chile;Chile;Law;https://www.biografiasyvidas.com/biografia/l/lagos_ricardo.htm;08/11/2022
Ricardo Froilán Lagos Escobar;Chile;GRULAC;Presidentialism;11/03/2000;11/03/2006;Duke University;United States;Economics (Phd);https://www.biografiasyvidas.com/biografia/l/lagos_ricardo.htm;08/11/2022
Eduardo Frei Ruiz-Tagle;Chile;GRULAC;Presidentialism;11/03/1994;11/03/2000;Universidad de Chile;Chile;Civil engineering ;https://web.archive.org/web/20160304200006/http://diario.elmercurio.cl/detalle/index.asp?id=%7B40c65d0a-afcd-405b-a13f-865e446944f4%7D;08/11/2022
Patricio Aylwin;Chile;GRULAC;Presidentialism;11/03/1990;11/03/1994;Universidad de Chile;Chile;Law;https://www.cidob.org/biografias_lideres_politicos/america_del_sur/chile/patricio_aylwin_azocar;08/11/2022
Juan Manuel Santos;Colombia;GRULAC;Presidentialism;07/08/2010;07/08/2018;Escuela Naval de Cadetes Almirante Padilla de Cartagena de Indias;Colombia;-;https://www.cidob.org/biografias_lideres_politicos/america_del_sur/colombia/juan_manuel_santos_calderon;08/11/2022
Juan Manuel Santos;Colombia;GRULAC;Presidentialism;07/08/2010;07/08/2018;University of Kansas;United States;Economics;https://www.cidob.org/biografias_lideres_politicos/america_del_sur/colombia/juan_manuel_santos_calderon;08/11/2022
Juan Manuel Santos;Colombia;GRULAC;Presidentialism;07/08/2010;07/08/2018;London School of Economics;United Kingdom;Economic development and public administration;https://www.cidob.org/biografias_lideres_politicos/america_del_sur/colombia/juan_manuel_santos_calderon;08/11/2022
Juan Manuel Santos;Colombia;GRULAC;Presidentialism;07/08/2010;07/08/2018;Harvard University - Kennedy School of Government;United States;Journalism;https://www.cidob.org/biografias_lideres_politicos/america_del_sur/colombia/juan_manuel_santos_calderon;08/11/2022
Juan Manuel Santos;Colombia;GRULAC;Presidentialism;07/08/2010;07/08/2018;Tufts University ;United States;Law and Diplomacy;https://www.cidob.org/biografias_lideres_politicos/america_del_sur/colombia/juan_manuel_santos_calderon;08/11/2022
Álvaro Uribe;Colombia;GRULAC;Presidentialism;07/08/2002;07/08/2010;Universidad de Antioquia;Colombia;Law;https://www.cidob.org/biografias_lideres_politicos/america_del_sur/colombia/alvaro_uribe_velez;08/11/2022
Álvaro Uribe;Colombia;GRULAC;Presidentialism;07/08/2002;07/08/2010;Harvard University;United States;Administration;https://www.cidob.org/biografias_lideres_politicos/america_del_sur/colombia/alvaro_uribe_velez;08/11/2022
Andrés Pastrana Arango;Colombia;GRULAC;Presidentialism;07/08/1998;07/08/2002;Colegio Mayor Nuestra Señora del Rosario;Colombia;Law;https://www.cidob.org/biografias_lideres_politicos/america_del_sur/colombia/andres_pastrana_arango;08/11/2022
Andrés Pastrana Arango;Colombia;GRULAC;Presidentialism;07/08/1998;07/08/2002;Harvard University;United States;Public Law (MA);https://www.cidob.org/biografias_lideres_politicos/america_del_sur/colombia/andres_pastrana_arango;08/11/2022
Ernesto Samper Pizano;Colombia;GRULAC;Presidentialism;07/08/1994;07/08/1998;Universidad Javeriana;Colombia;Law and Economics;https://www.cidob.org/biografias_lideres_politicos/america_del_sur/colombia/ernesto_samper_pizano;08/11/2022
Ernesto Samper Pizano;Colombia;GRULAC;Presidentialism;07/08/1994;07/08/1998;Columbia University;United States;Law and Economics;https://www.cidob.org/biografias_lideres_politicos/america_del_sur/colombia/ernesto_samper_pizano;08/11/2022
César Augusto Gaviria Trujillo ;Colombia;GRULAC;Presidentialism;07/08/190;07/08/1994;Universidad de los Andes;Colombia;Economics;https://www.cidob.org/biografias_lideres_politicos/america_del_sur/colombia/cesar_gaviria_trujillo/(language)/esl-ES;08/11/2022
Luis Guillermo Solís;Costa Rica;GRULAC;Presidentialism;08/05/2014;08/08/2018;Universidad de Costa Rica (UCR);Costa Rica;History;https://www.cidob.org/biografias_lideres_politicos/america_central_y_caribe/costa_rica/luis_guillermo_solis_rivera#1;08/11/2022
Luis Guillermo Solís;Costa Rica;GRULAC;Presidentialism;08/05/2014;08/08/2018;Tulane University;United States;Latin American Studies (MA);https://www.cidob.org/biografias_lideres_politicos/america_central_y_caribe/costa_rica/luis_guillermo_solis_rivera#1;08/11/2022
Laura Chinchilla;Costa Rica;GRULAC;Presidentialism;08/05/2010;08/05/2014;Universidad de Costa Rica;Costa Rica;Political Science;https://www.cidob.org/biografias_lideres_politicos/america_central_y_caribe/costa_rica/laura_chinchilla_miranda;08/11/2022
Laura Chinchilla;Costa Rica;GRULAC;Presidentialism;08/05/2010;08/05/2014;Georgetown University;United States;Public Administration (MA);https://www.cidob.org/biografias_lideres_politicos/america_central_y_caribe/costa_rica/laura_chinchilla_miranda;08/11/2022
Óscar Arias;Costa Rica;GRULAC;Presidentialism;08/05/2006;08/05/2010;Harvard Medical School ;United States;Medicine (unfinished);https://www.cidob.org/biografias_lideres_politicos/america_central_y_caribe/costa_rica/oscar_arias_sanchez;08/11/2022
Óscar Arias;Costa Rica;GRULAC;Presidentialism;08/05/2006;08/05/2010;Universidad de Costa Rica;Costa Rica;Law and Economics;https://www.cidob.org/biografias_lideres_politicos/america_central_y_caribe/costa_rica/oscar_arias_sanchez;08/11/2022
Óscar Arias;Costa Rica;GRULAC;Presidentialism;08/05/2006;08/05/2010;Essex University;United Kingdom;Political Science (PhD);https://www.cidob.org/biografias_lideres_politicos/america_central_y_caribe/costa_rica/oscar_arias_sanchez;08/11/2022
Abel Pacheco de la Espriella ;Costa Rica;GRULAC;Presidentialism;08/05/2002;08/05/2006;Universidad Nacional Autónoma de México (UNAM) ;Mexico;Medicine;https://www.cidob.org/biografias_lideres_politicos/america_central_y_caribe/costa_rica/abel_pacheco_de_la_espriella#;08/11/2022
Abel Pacheco de la Espriella ;Costa Rica;GRULAC;Presidentialism;08/05/2002;08/05/2006;Louisiana State University;United States;Psychiatry;https://www.cidob.org/biografias_lideres_politicos/america_central_y_caribe/costa_rica/abel_pacheco_de_la_espriella#;08/11/2022
Miguel Ángel Rodríguez Echeverría ;Costa Rica;GRULAC;Presidentialism;08/05/1998;08/05/2002;Universidad de Costa Rica ;Costa Rica;Economy and Social Sciences;https://www.cidob.org/biografias_lideres_politicos/america_central_y_caribe/costa_rica/miguel_angel_rodriguez_echeverria;08/11/2022
Miguel Ángel Rodríguez Echeverría ;Costa Rica;GRULAC;Presidentialism;08/05/1998;08/05/2002;University of California, Berkeley;United States;Economics;https://www.cidob.org/biografias_lideres_politicos/america_central_y_caribe/costa_rica/miguel_angel_rodriguez_echeverria;08/11/2022
José María Figueres Olsen ;Costa Rica;GRULAC;Presidentialism;08/05/1994;08/05/1998;Harvard University - Kennedy School of Government;United States;Public Administration (MA);https://www.cidob.org/biografias_lideres_politicos/america_central_y_caribe/costa_rica/jose_maria_figueres_olsen;08/11/2022
José María Figueres Olsen ;Costa Rica;GRULAC;Presidentialism;08/05/1994;08/05/1998;United States Military Academy of West Point;United States;Industrial Engineering;https://www.cidob.org/biografias_lideres_politicos/america_central_y_caribe/costa_rica/jose_maria_figueres_olsen;08/11/2022
Rafael Ángel Calderón Fournier;Costa Rica;GRULAC;Presidentialism;08/05/1990;08/05/1994;Universidad de Costa Rica ;Costa Rica;Law ;https://www.cidob.org/biografias_lideres_politicos/america_central_y_caribe/costa_rica/rafael_angel_calderon_fournier;08/11/2022
Raúl Modesto Castro Ruz ;Cuba;GRULAC;One-party socialist republic;19/04/2011;19/04/2021;Universidad de La Habana;Cuba;Social Sciences;https://www.cidob.org/biografias_lideres_politicos/america_central_y_caribe/cuba/raul_castro_ruz;08/11/2022
Fidel Alejandro Castro Ruz ;Cuba;GRULAC;One-party socialist republic;03/10/1965;19/04/2011;Universidad de La Habana;Cuba;Law;https://www.cidob.org/biografias_lideres_politicos/america_central_y_caribe/cuba/fidel_castro_ruz;08/11/2022
Roosevelt Skerrit;Dominica ;GRULAC;Parliamentarism;08/01/2004;-;New Mexico State University ;United States;-;http://www.caribbeanelections.com/knowledge/biography/bios/skerrit_roosevelt.asp;14/11/2022
Roosevelt Skerrit;Dominica ;GRULAC;Parliamentarism;08/01/2004;-;University of Mississippi;United States;English and Psychology;http://www.caribbeanelections.com/knowledge/biography/bios/skerrit_roosevelt.asp;14/11/2022
Pierre Charles ;Dominica ;GRULAC;Parliamentarism;03/10/2000;06/01/2004;Dominican Cadet Corps;Dominica;-;http://www.caribbeanelections.com/knowledge/biography/bios/charles_pierre.asp;14/11/2022
Roosevelt Bernard Douglas ;Dominica ;GRULAC;Parliamentarism;03/02/2000;01/10/2000;McGill University;Canada;-;http://www.caribbeanelections.com/knowledge/biography/bios/douglas_roosevelt.asp;14/11/2022
Edison Chenfil James ;Dominica ;GRULAC;Parliamentarism;14/06/1995;03/02/2000;North East London Polytechnic;United Kingdom;Botany and Biochemistry;http://www.caribbeanelections.com/knowledge/biography/bios/james_edison.asp;14/11/2022
Edison Chenfil James ;Dominica ;GRULAC;Parliamentarism;14/06/1995;03/02/2000;Imperial College (University of London);United Kingdom;Technology of Crop Protection (M.Sc.);http://www.caribbeanelections.com/knowledge/biography/bios/james_edison.asp;14/11/2022
Mary Eugenia Charles;Dominica ;GRULAC;Parliamentarism;21/07/1980;14/06/1995;University of Toronto ;Canada;Law;http://www.caribbeanelections.com/knowledge/biography/bios/charles_mary_eugenia.asp;14/11/2022
Mary Eugenia Charles;Dominica ;GRULAC;Parliamentarism;21/07/1980;14/06/1995;London School of Economics and Political Science;United Kingdom;Law;http://www.caribbeanelections.com/knowledge/biography/bios/charles_mary_eugenia.asp;14/11/2022
Danilo Medina Sánchez ;Dominican Republic ;GRULAC;Presidentialism;16/08/2012;16/08/2020;Instituto Tecnológico Santo Domingo (INTEC);Dominican Republic ;Chemistry;https://web.archive.org/web/20171230114528/https://acento.com.do/2012/actualidad/12681-profesor-gneco-demostro-que-danilo-plagio-tesis-y-no-es-ingeniero-quimico/;14/11/2022
Leonel Antonio Fernández Reyna ;Dominican Republic ;GRULAC;Presidentialism;16/08/2004;16/08/2012;Universidad Autónoma de Santo Domingo (UASD);Dominican Republic ;Law;https://www.cidob.org/biografias_lideres_politicos/america_central_y_caribe/republica_dominicana/leonel_fernandez_reyna/(language)/esl-ES;14/11/2022
Rafael Hipólito Mejía Domínguez ;Dominican Republic ;GRULAC;Presidentialism;16/08/2000;16/08/2004;Instituto Politécnico Loyola;Dominican Republic ;Agronomy;https://www.cidob.org/biografias_lideres_politicos/america_central_y_caribe/republica_dominicana/hipolito_mejia_dominguez/(language)/esl-ES;14/11/2022
Rafael Hipólito Mejía Domínguez ;Dominican Republic ;GRULAC;Presidentialism;16/08/2000;16/08/2004;North Carolina State University;United States;-;https://www.cidob.org/biografias_lideres_politicos/america_central_y_caribe/republica_dominicana/hipolito_mejia_dominguez/(language)/esl-ES;14/11/2022
Leonel Antonio Fernández Reyna ;Dominican Republic ;GRULAC;Presidentialism;16/08/1996;16/08/2000;Universidad Autónoma de Santo Domingo (UASD);Dominican Republic ;Law;https://www.cidob.org/biografias_lideres_politicos/america_central_y_caribe/republica_dominicana/leonel_fernandez_reyna/(language)/esl-ES;14/11/2022
Joaquín Antonio Balaguer Ricardo ;Dominican Republic ;GRULAC;Presidentialism;16/08/1986;16/08/1996;Universidad Autónoma de Santo Domingo (UASD) ;Dominican Republic ;Law;https://www.cidob.org/biografias_lideres_politicos/america_central_y_caribe/republica_dominicana/joaquin_balaguer_ricardo/(language)/esl-ES;14/11/2022
Joaquín Antonio Balaguer Ricardo ;Dominican Republic ;GRULAC;Presidentialism;16/08/1986;16/08/1996;Sorbonne Université;France;Law (Ph.D.);https://www.cidob.org/biografias_lideres_politicos/america_central_y_caribe/republica_dominicana/joaquin_balaguer_ricardo/(language)/esl-ES;14/11/2022
Lenín Boltaire Moreno Garcés ;Ecuador ;GRULAC;Presidentialism;24/05/2017;24/05/2021;Universidad Central del Ecuador;Ecuador;Public Administration;https://www.cidob.org/biografias_lideres_politicos/america_del_sur/ecuador/lenin_moreno_garces/(language)/esl-ES;14/11/2022
Rafael Vicente Correa Delgado ;Ecuador ;GRULAC;Presidentialism;15/01/2007;24/05/2017;Universidad Católica de Santiago de Guayaquil (UCSG);Ecuador;Economics;https://www.cidob.org/biografias_lideres_politicos/america_del_sur/ecuador/rafael_correa_delgado/(language)/esl-ES;14/11/2022
Rafael Vicente Correa Delgado ;Ecuador ;GRULAC;Presidentialism;15/01/2007;24/05/2017;Université catholique de Louvain ;Belgium;Economics (MA);https://www.cidob.org/biografias_lideres_politicos/america_del_sur/ecuador/rafael_correa_delgado/(language)/esl-ES;14/11/2022
Rafael Vicente Correa Delgado ;Ecuador ;GRULAC;Presidentialism;15/01/2007;24/05/2017;Illinois State University;United States;Economics (Ph.D.);https://www.cidob.org/biografias_lideres_politicos/america_del_sur/ecuador/rafael_correa_delgado/(language)/esl-ES;14/11/2022
Luis Alfredo Palacio González ;Ecuador ;GRULAC;Presidentialism;20/04/2005;15/01/2007;Universidad de Guayaquil;Ecuador;Medicine ;https://web.archive.org/web/20061118164443/http://www.presidencia.gov.ec/modulos.asp?id=192;14/11/2022
Luis Alfredo Palacio González ;Ecuador ;GRULAC;Presidentialism;20/04/2005;15/01/2007;Washington University School of Medicine;United States;Cardiology;https://web.archive.org/web/20061118164443/http://www.presidencia.gov.ec/modulos.asp?id=192;14/11/2022
Lucio Edwin Gutiérrez Borbúa ;Ecuador ;GRULAC;Presidentialism;15/01/2003;20/04/2005;Escuela Politécnica del Ejército;Ecuador;Physical education;https://www.cidob.org/biografias_lideres_politicos/america_del_sur/ecuador/lucio_gutierrez_borbua/(language)/esl-ES;14/11/2022
Lucio Edwin Gutiérrez Borbúa ;Ecuador ;GRULAC;Presidentialism;15/01/2003;20/04/2005;Escola de Educação Física do Exército (EsEFEx);Brazil;Physical education;https://www.cidob.org/biografias_lideres_politicos/america_del_sur/ecuador/lucio_gutierrez_borbua/(language)/esl-ES;14/11/2022
Lucio Edwin Gutiérrez Borbúa ;Ecuador ;GRULAC;Presidentialism;15/01/2003;20/04/2005;Inter-American Defense College (IADC);United States;International Relations and Continental Defense;https://www.cidob.org/biografias_lideres_politicos/america_del_sur/ecuador/lucio_gutierrez_borbua/(language)/esl-ES;14/11/2022
Lucio Edwin Gutiérrez Borbúa ;Ecuador ;GRULAC;Presidentialism;15/01/2003;20/04/2005;Instituto Nacional de Guerra (INAGUE);Ecuador;National Security;https://www.cidob.org/biografias_lideres_politicos/america_del_sur/ecuador/lucio_gutierrez_borbua/(language)/esl-ES;14/11/2022
Lucio Edwin Gutiérrez Borbúa ;Ecuador ;GRULAC;Presidentialism;15/01/2003;20/04/2005;Academia de Guerra del Ejército de Quito;Ecuador;Military Sciences;https://www.cidob.org/biografias_lideres_politicos/america_del_sur/ecuador/lucio_gutierrez_borbua/(language)/esl-ES;14/11/2022
Gustavo José Joaquín Noboa Bejarano ;Ecuador ;GRULAC;Presidentialism;22/01/2000;15/01/2003;Universidad Católica de Santiago de Guayaquil (UCSG);Ecuador;Political Science;https://www.cidob.org/biografias_lideres_politicos/america_del_sur/ecuador/gustavo_noboa_bejarano/(language)/esl-ES;14/11/2022
Gustavo José Joaquín Noboa Bejarano ;Ecuador ;GRULAC;Presidentialism;22/01/2000;15/01/2003;Universidad Católica de Santiago de Guayaquil (UCSG);Ecuador;Law (Ph.D.);https://www.cidob.org/biografias_lideres_politicos/america_del_sur/ecuador/gustavo_noboa_bejarano/(language)/esl-ES;14/11/2022
Jorge Jamil Mahuad Witt ;Ecuador ;GRULAC;Presidentialism;10/08/1998;21/01/2000;Pontificia Universidad Católica del Ecuador (PUCE) ;Ecuador;Law;https://www.cidob.org/biografias_lideres_politicos/america_del_sur/ecuador/jamil_mahuad_witt/(language)/esl-ES;14/11/2022
Jorge Jamil Mahuad Witt ;Ecuador ;GRULAC;Presidentialism;10/08/1998;21/01/2000;Harvard University - Kennedy School of Government;Ecuador;MBA;https://www.cidob.org/biografias_lideres_politicos/america_del_sur/ecuador/jamil_mahuad_witt/(language)/esl-ES;14/11/2022
Fabián Ernesto Alarcón Rivera ;Ecuador ;GRULAC;Presidentialism;11/02/1997;10/08/1998;Pontificia Universidad Católica del Ecuador (PUCE) ;Ecuador;Political Science;https://www.cidob.org/biografias_lideres_politicos/america_del_sur/ecuador/fabian_alarcon_rivera/(language)/esl-ES;14/11/2022
Fabián Ernesto Alarcón Rivera ;Ecuador ;GRULAC;Presidentialism;11/02/1997;10/08/1998;Pontificia Universidad Católica del Ecuador (PUCE) ;Ecuador;Law;https://www.cidob.org/biografias_lideres_politicos/america_del_sur/ecuador/fabian_alarcon_rivera/(language)/esl-ES;14/11/2022
Abdalá Jaime Bucaram Ortiz ;Ecuador ;GRULAC;Presidentialism;10/08/1996;06/02/1997;Universidad Católica de Santiago de Guayaquil;Ecuador;Medicine;https://www.cidob.org/biografias_lideres_politicos/america_del_sur/ecuador/abdala_bucaram_ortiz/(language)/esl-ES;14/11/2022
Sixto Alfonso Durán-Ballén Cordovez ;Ecuador ;GRULAC;Presidentialism;10/08/1992;10/08/1996;Columbia University;United States;Architecture ;https://www.cidob.org/biografias_lideres_politicos/america_del_sur/ecuador/sixto_duran_ballen/(language)/esl-ES;14/11/2022
Sixto Alfonso Durán-Ballén Cordovez ;Ecuador ;GRULAC;Presidentialism;10/08/1992;10/08/1996;University of Wisconsin–Madison;United States;Architecture ;https://www.cidob.org/biografias_lideres_politicos/america_del_sur/ecuador/sixto_duran_ballen/(language)/esl-ES;14/11/2022
Salvador Sánchez Cerén ;El Salvador;GRULAC;Presidentialism;01/06/2014;01/06/2019;Escuela Normal Superior Alberto Masferrer;El Salvador;-;https://www.cidob.org/biografias_lideres_politicos/america_central_y_caribe/el_salvador/salvador_sanchez_ceren/(language)/esl-ES;14/11/2022
Carlos Mauricio Funes Cartagena ;El Salvador;GRULAC;Presidentialism;01/06/2009;01/06/2014;Universidad Centroamericana José Simeón Cañas (UCA);El Salvador;Spanish;https://www.cidob.org/biografias_lideres_politicos/america_central_y_caribe/el_salvador/mauricio_funes_cartagena/(language)/esl-ES;14/11/2022
Elías Antonio Saca González ;El Salvador;GRULAC;Presidentialism;01/06/2004;01/06/2009;Universidad de El Salvador ;El Salvador;Journalism (unfinished);https://www.cidob.org/biografias_lideres_politicos/america_central_y_caribe/el_salvador/antonio_saca_gonzalez/(language)/esl-ES;14/11/2022
Francisco Guillermo Flores Pérez;El Salvador;GRULAC;Presidentialism;01/06/1999;01/06/2004;University of Hartford ;United States;Sociology;https://www.cidob.org/biografias_lideres_politicos/america_central_y_caribe/el_salvador/francisco_flores_perez/(language)/esl-ES;14/11/2022
Francisco Guillermo Flores Pérez;El Salvador;GRULAC;Presidentialism;01/06/1999;01/06/2004;Amherst College;United States;Political Science;https://www.cidob.org/biografias_lideres_politicos/america_central_y_caribe/el_salvador/francisco_flores_perez/(language)/esl-ES;14/11/2022
Francisco Guillermo Flores Pérez;El Salvador;GRULAC;Presidentialism;01/06/1999;01/06/2004;Oxford University;United Kingdom;History;https://www.cidob.org/biografias_lideres_politicos/america_central_y_caribe/el_salvador/francisco_flores_perez/(language)/esl-ES;14/11/2022
Francisco Guillermo Flores Pérez;El Salvador;GRULAC;Presidentialism;01/06/1999;01/06/2004;University of California;United States;Philosophy (MA);https://www.cidob.org/biografias_lideres_politicos/america_central_y_caribe/el_salvador/francisco_flores_perez/(language)/esl-ES;14/11/2022
Francisco Guillermo Flores Pérez;El Salvador;GRULAC;Presidentialism;01/06/1999;01/06/2004;Harvard University;United States;Economics and Philosophy;https://www.cidob.org/biografias_lideres_politicos/america_central_y_caribe/el_salvador/francisco_flores_perez/(language)/esl-ES;14/11/2022
Armando Calderón Sol ;El Salvador;GRULAC;Presidentialism;01/06/1994;01/06/1999;Universidad Nacional de El Salvador;El Salvador;Law and Social Sciences;https://www.cidob.org/biografias_lideres_politicos/america_central_y_caribe/el_salvador/armando_calderon_sol/(language)/esl-ES;14/11/2022
Alfredo Félix Cristiani Burkard ;El Salvador;GRULAC;Presidentialism;01/06/1989;01/06/1994;Georgetown University;United States;Business Administration;https://www.cidob.org/biografias_lideres_politicos/america_central_y_caribe/el_salvador/alfredo_cristiani_burkard/(language)/esl-ES;14/11/2022
Keith Claudius Mitchell ;Granada;GRULAC;Parliamentarism;20/02/2013;24/06/2022;University of the West Indies, Cave Hill;Barbados;Mathematics and Chemistry;http://www.caribbeanelections.com/knowledge/biography/bios/mitchell_keith.asp;14/11/2022
Keith Claudius Mitchell ;Granada;GRULAC;Parliamentarism;20/02/2013;24/06/2022;Howard University;United States;Mathematics and Statistics (MA);http://www.caribbeanelections.com/knowledge/biography/bios/mitchell_keith.asp;14/11/2022
Keith Claudius Mitchell ;Granada;GRULAC;Parliamentarism;20/02/2013;24/06/2022;American University;United States;Mathematics and Statistics (Ph.D.);http://www.caribbeanelections.com/knowledge/biography/bios/mitchell_keith.asp;14/11/2022
Tillman Joseph Thomas ;Granada;GRULAC;Parliamentarism;09/07/2008;20/02/2013;Fordham University ;United States;Economics;http://www.caribbeanelections.com/knowledge/biography/bios/thomas_tillman.asp;14/11/2022
Tillman Joseph Thomas ;Granada;GRULAC;Parliamentarism;09/07/2008;20/02/2013;University of the West Indies, Cave Hill;Barbados;Law;http://www.caribbeanelections.com/knowledge/biography/bios/thomas_tillman.asp;14/11/2022
Tillman Joseph Thomas ;Granada;GRULAC;Parliamentarism;09/07/2008;20/02/2013;Hugh Wooding Law School;Trinidad and Tobago;Law;http://www.caribbeanelections.com/knowledge/biography/bios/thomas_tillman.asp;14/11/2022
Keith Claudius Mitchell ;Granada;GRULAC;Parliamentarism;22/06/1995;09/07/2008;University of the West Indies, Cave Hill;Barbados;Mathematics and Chemistry;http://www.caribbeanelections.com/knowledge/biography/bios/mitchell_keith.asp;14/11/2022
Keith Claudius Mitchell ;Granada;GRULAC;Parliamentarism;22/06/1995;09/07/2008;Howard University;United States;Mathematics and Statistics (MA);http://www.caribbeanelections.com/knowledge/biography/bios/mitchell_keith.asp;14/11/2022
Keith Claudius Mitchell ;Granada;GRULAC;Parliamentarism;22/06/1995;09/07/2008;American University;United States;Mathematics and Statistics (Ph.D.);http://www.caribbeanelections.com/knowledge/biography/bios/mitchell_keith.asp;14/11/2022
George Ignatius Brizan;Granada;GRULAC;Parliamentarism;01/02/1995;22/06/1995;University of Calgary;Canada;History;http://www.caribbeanelections.com/knowledge/biography/bios/brizan_george.asp;14/11/2022
George Ignatius Brizan;Granada;GRULAC;Parliamentarism;01/02/1995;22/06/1995;University of Calgary;Canada;History (MA);http://www.caribbeanelections.com/knowledge/biography/bios/brizan_george.asp;14/11/2022
George Ignatius Brizan;Granada;GRULAC;Parliamentarism;01/02/1995;22/06/1995;University of the West Indies;Barbados;Education;http://www.caribbeanelections.com/knowledge/biography/bios/brizan_george.asp;14/11/2022
George Ignatius Brizan;Granada;GRULAC;Parliamentarism;01/02/1995;22/06/1995;Carlton University;Canada;International Economics Relations (MA);http://www.caribbeanelections.com/knowledge/biography/bios/brizan_george.asp;14/11/2022
Nicholas Alexander Brathwaite ;Granada;GRULAC;Parliamentarism;16/03/1990;01/02/1995;University of the West Indies, Mona;Jamaica;-;http://www.caribbeanelections.com/knowledge/biography/bios/brathwaite_nicholas.asp;14/11/2022
Jimmy Morales;Guatemala;GRULAC;Presidentialism;14/01/2016;14/01/2020;Universidad de San Carlos (Usac);Guatemala;Business Administration;https://www.prensalibre.com/guatemala/politica/jimmy-morales-esta-de-cumpleaos-que-le-regalaria/;14/11/2022
Jimmy Morales;Guatemala;GRULAC;Presidentialism;14/01/2016;14/01/2020;Universidad de San Carlos (Usac);Guatemala;Strategic Studies;https://www.prensalibre.com/guatemala/politica/jimmy-morales-esta-de-cumpleaos-que-le-regalaria/;14/11/2022
Jimmy Morales;Guatemala;GRULAC;Presidentialism;14/01/2016;14/01/2020;Universidad Mariano Gálvez;Guatemala;Security and Defense;https://www.prensalibre.com/guatemala/politica/jimmy-morales-esta-de-cumpleaos-que-le-regalaria/;14/11/2022
Alejandro Baltazar Maldonado Aguirre;Guatemala;GRULAC;Presidentialism;03/09/2015;14/01/2016;Universidad de San Carlos (Usac);Guatemala;Law;https://www.cidob.org/biografias_lideres_politicos/america_central_y_caribe/guatemala/alejandro_maldonado_aguirre/(language)/esl-ES;14/11/2022
Otto Fernando Pérez Molina ;Guatemala;GRULAC;Presidentialism;14/01/2012;03/09/2015;School of the Americas;United States;-;https://www.cidob.org/biografias_lideres_politicos/america_central_y_caribe/guatemala/otto_perez_molina/(language)/esl-ES;14/11/2022
Otto Fernando Pérez Molina ;Guatemala;GRULAC;Presidentialism;14/01/2012;03/09/2015;Inter-American Defense College;United States;Continental Defense;https://www.cidob.org/biografias_lideres_politicos/america_central_y_caribe/guatemala/otto_perez_molina/(language)/esl-ES;14/11/2022
Otto Fernando Pérez Molina ;Guatemala;GRULAC;Presidentialism;14/01/2012;03/09/2015;Instituto Centroamericano de Administración de Empresas;Costa Rica;-;https://www.cidob.org/biografias_lideres_politicos/america_central_y_caribe/guatemala/otto_perez_molina/(language)/esl-ES;14/11/2022
Otto Fernando Pérez Molina ;Guatemala;GRULAC;Presidentialism;14/01/2012;03/09/2015;Universidad Francisco Marroquín (UFM);Guatemala;International Relations (MA);https://www.cidob.org/biografias_lideres_politicos/america_central_y_caribe/guatemala/otto_perez_molina/(language)/esl-ES;14/11/2022
Álvaro Colom Caballeros ;Guatemala;GRULAC;Presidentialism;14/01/2008;14/01/2012;Universidad de San Carlos (Usac);Guatemala;Industrial engineering;https://www.cidob.org/biografias_lideres_politicos/america_central_y_caribe/guatemala/alvaro_colom_caballeros/(language)/esl-ES;14/11/2022
Óscar José Rafael Berger Perdomo ;Guatemala;GRULAC;Presidentialism;14/01/2004;14/01/2008;Universidad Rafael Landívar (URL);Guatemala;Law;https://www.cidob.org/biografias_lideres_politicos/america_central_y_caribe/guatemala/oscar_berger_perdomo/(language)/esl-ES;14/11/2022
Alfonso Antonio Portillo Cabrera ;Guatemala;GRULAC;Presidentialism;14/01/2000;14/01/2004;Universidad Autónoma de Guerrero (UAG) ;Mexico;Law;https://www.cidob.org/biografias_lideres_politicos/america_central_y_caribe/guatemala/alfonso_portillo_cabrera/(language)/esl-ES;14/11/2022
Alfonso Antonio Portillo Cabrera ;Guatemala;GRULAC;Presidentialism;14/01/2000;14/01/2004;Universidad Nacional Autónoma de México (UNAM);Mexico;Economics (Ph.D.);https://www.cidob.org/biografias_lideres_politicos/america_central_y_caribe/guatemala/alfonso_portillo_cabrera/(language)/esl-ES;14/11/2022
Álvaro Enrique Arzú Yrigoyen ;Guatemala;GRULAC;Presidentialism;14/01/1996;14/01/2000;Universidad Rafael Landívar;Guatemala;Law and Social Sciences;https://www.cidob.org/biografias_lideres_politicos/america_central_y_caribe/guatemala/alvaro_arzu_yrigoyen/(language)/esl-ES;14/11/2022
Ramiro de León Carpio ;Guatemala;GRULAC;Presidentialism;06/06/1993;14/01/1996;Universidad de San Carlos (Usac);Guatemala;Law (unfinished);https://www.cidob.org/biografias_lideres_politicos/america_central_y_caribe/guatemala/ramiro_de_leon_carpio/(language)/esl-ES;14/11/2022
Ramiro de León Carpio ;Guatemala;GRULAC;Presidentialism;06/06/1993;14/01/1996;Universidad Rafael Landívar;Guatemala;Law;https://www.cidob.org/biografias_lideres_politicos/america_central_y_caribe/guatemala/ramiro_de_leon_carpio/(language)/esl-ES;14/11/2022
Jorge Antonio Serrano Elías ;Guatemala;GRULAC;Presidentialism;14/01/1991;01/06/1993;Universidad de San Carlos (Usac);Guatemala;Industrial engineering;https://www.cidob.org/biografias_lideres_politicos/america_central_y_caribe/guatemala/jorge_serrano_elias/(language)/esl-ES;14/11/2022
Jorge Antonio Serrano Elías ;Guatemala;GRULAC;Presidentialism;14/01/1991;01/06/1993;Stanford University;United States;Economic development;https://www.cidob.org/biografias_lideres_politicos/america_central_y_caribe/guatemala/jorge_serrano_elias/(language)/esl-ES;14/11/2022
David Arthur Granger ;Guyana;GRULAC;Presidentialism;16/05/2015;02/08/2020;University of Guyana;Guyana;-;https://op.gov.gy/index.php/2015/08/31/brigadier-david-arthur-granger-msm-mss-president-of-the-cooperative-republic-of-guyana/;14/11/2022
David Arthur Granger ;Guyana;GRULAC;Presidentialism;16/05/2015;02/08/2020;University of Maryland ;United States;-;https://op.gov.gy/index.php/2015/08/31/brigadier-david-arthur-granger-msm-mss-president-of-the-cooperative-republic-of-guyana/;14/11/2022
David Arthur Granger ;Guyana;GRULAC;Presidentialism;16/05/2015;02/08/2020;University of California;United States;-;https://op.gov.gy/index.php/2015/08/31/brigadier-david-arthur-granger-msm-mss-president-of-the-cooperative-republic-of-guyana/;14/11/2022
David Arthur Granger ;Guyana;GRULAC;Presidentialism;16/05/2015;02/08/2020;Mons Officer Cadet School ;United Kingdom;-;https://op.gov.gy/index.php/2015/08/31/brigadier-david-arthur-granger-msm-mss-president-of-the-cooperative-republic-of-guyana/;14/11/2022
Donald Rabindranauth Ramotar ;Guyana;GRULAC;Presidentialism;03/12/2011;16/05/2015;University of Guyana ;Guyana;Economics;https://web.archive.org/web/20111203180654/http://www.demerarawaves.com/index.php?option=com_content&view=article&id=2896%3Apppcs-ramotar-declared-guyanas-president&catid=1;14/11/2022
Bharrat Jagdeo ;Guyana;GRULAC;Presidentialism;11/08/1999;03/12/2011;Patrice Lumumba People’s Friendship University (RUDN University);Russia;Economics (MA);https://eng.rudn.ru/cooperation/honorary-doctors/bharrat-jagdeo/;14/11/2022
Janet Rosenberg Jagan ;Guyana;GRULAC;Presidentialism;19/12/1997;11/08/1999;Cook County Hospital ;United States;Nursing;https://www.nytimes.com/2009/03/30/world/americas/30jagan.html?ref=obituaries;14/11/2022
Samuel Archibald Anthony Hinds ;Guyana;GRULAC;Presidentialism;06/03/1997;19/12/1997;University of New Brunswick (UNB) ;Canada;Chemical Engineering;https://www.stabroeknews.com/2011/12/06/news/guyana/who%E2%80%99s-who-in-the-new-cabinet/;14/11/2022
Cheddi Berret Jagan ;Guyana;GRULAC;Presidentialism;09/10/1992;06/03/1997;Northwestern University;United States;Dental Surgery;https://jagan.org/Biography/CJ%20Bio/cj_biography4.html;14/11/2022
Jovenel Moïse;Haiti;GRULAC;Semi-presidentialism;07/02/2017;07/07/2021;Université Quisqueya ;Haiti;Political Science;http://www.caribbeanelections.com/knowledge/biography/bios/moise_jovenel.asp;14/11/2022
Jocelerme Privert ;Haiti;GRULAC;Semi-presidentialism;14/02/2016;07/02/2017;Université d'État d'Haïti;Haiti;Accounting ;https://www.cidob.org/biografias_lideres_politicos/america_central_y_caribe/haiti/jocelerme_privert/(language)/esl-ES;14/11/2022
Michel Joseph Martelly;Haiti;GRULAC;Semi-presidentialism;14/05/2011;07/02/2016;Haitian Military Academy ;Haiti;-;http://www.caribbeanelections.com/knowledge/biography/bios/martelly_michel.asp;14/11/2022
Michel Joseph Martelly;Haiti;GRULAC;Semi-presidentialism;14/05/2011;07/02/2016;Miami-Dade Community College;United States;-;https://web.archive.org/web/20141019215429/http://www.browardpalmbeach.com/2011-06-09/news/michel-martelly-is-haiti-s-new-president-10-but-the-former-palm-beach-county-resident-has-10-a-dark-side/;14/11/2022
René Garcia Préval ;Haiti;GRULAC;Semi-presidentialism;14/05/2006;14/05/2011;Université catholique de Louvain ;Belgium;Agronomy ;http://www.caribbeanelections.com/knowledge/biography/bios/preval_rene.asp;14/11/2022
Boniface Alexandre ;Haiti;GRULAC;Semi-presidentialism;29/02/2004;14/05/2006;-;-;-;http://www.caribbeanelections.com/knowledge/biography/bios/alexandre_boniface.asp;14/11/2022
Jean-Bertrand Aristide ;Haiti;GRULAC;Semi-presidentialism;07/02/2001;29/02/2004;Université d'État d'Haïti;Haiti;Psychology ;http://www.caribbeanelections.com/knowledge/biography/bios/aristide_Jean-Bertrand.asp;14/11/2022
René Garcia Préval ;Haiti;GRULAC;Semi-presidentialism;07/02/1996;07/02/2001;Université catholique de Louvain ;Belgium;Agronomy ;http://www.caribbeanelections.com/knowledge/biography/bios/preval_rene.asp;14/11/2022
Jean-Bertrand Aristide ;Haiti;GRULAC;Semi-presidentialism;12/10/1994;07/02/1996;Université d'État d'Haïti;Haiti;Psychology ;http://www.caribbeanelections.com/knowledge/biography/bios/aristide_Jean-Bertrand.asp;14/11/2022
Émile Jonassaint ;Haiti;GRULAC;Semi-presidentialism;15/06/1993;12/10/1994;-;-;-;http://www.caribbeanelections.com/knowledge/biography/bios/jonassaint_emile.asp;14/11/2022
Marc Louis Bazin ;Haiti;GRULAC;Semi-presidentialism;19/06/1992;15/06/1993;Institut de Sociologie Solvay;Belgium;Sociology;http://www.caribbeanelections.com/knowledge/biography/bios/bazin_marc.asp;14/11/2022
Juan Orlando Hernández Alvarado;Honduras;GRULAC;Presidentialism;27/01/2014;27/01/2022;Universidad Nacional Autónoma de Honduras ;Honduras;Law;https://www.cidob.org/biografias_lideres_politicos/america_central_y_caribe/honduras/juan_orlando_hernandez_alvarado/(language)/esl-ES;19/11/2022
Juan Orlando Hernández Alvarado;Honduras;GRULAC;Presidentialism;27/01/2014;27/01/2022;State University of New York;United States;Public Administration (MA);https://www.cidob.org/biografias_lideres_politicos/america_central_y_caribe/honduras/juan_orlando_hernandez_alvarado/(language)/esl-ES;19/11/2022
Porfirio Lobo Sosa;Honduras;GRULAC;Presidentialism;27/01/2010;27/01/2014;Instituto San Francisco de Tegucigalpa-Comayagüela;Honduras;Sciences;https://www.cidob.org/biografias_lideres_politicos/america_central_y_caribe/honduras/porfirio_lobo_sosa/(language)/esl-ES;19/11/2022
Porfirio Lobo Sosa;Honduras;GRULAC;Presidentialism;27/01/2010;27/01/2014;University of Miami;United States;Business Administration;https://www.cidob.org/biografias_lideres_politicos/america_central_y_caribe/honduras/porfirio_lobo_sosa/(language)/esl-ES;19/11/2022
Porfirio Lobo Sosa;Honduras;GRULAC;Presidentialism;27/01/2010;27/01/2014;Patrice Lumumba People’s Friendship University (RUDN University);Russia;Political Science;https://www.cidob.org/biografias_lideres_politicos/america_central_y_caribe/honduras/porfirio_lobo_sosa/(language)/esl-ES;19/11/2022
Roberto Micheletti Bain ;Honduras;GRULAC;Presidentialism;28/06/2009;27/01/2010;-;-;-;-;19/11/2022
José Manuel Zelaya Rosales ;Honduras;GRULAC;Presidentialism;27/01/2006;28/06/2009;Universidad Nacional Autónoma de Honduras (UNAH);Honduras;Civil engineering (unfinished);https://www.cidob.org/biografias_lideres_politicos/america_central_y_caribe/honduras/manuel_zelaya_rosales/(language)/esl-ES;19/11/2022
Ricardo Rodolfo Maduro Joest ;Honduras;GRULAC;Presidentialism;27/01/2002;27/01/2006;Stanford University;United States;Economics;https://www.cidob.org/biografias_lideres_politicos/america_central_y_caribe/honduras/ricardo_maduro_joest/(language)/esl-ES;19/11/2022
Carlos Roberto Flores Facussé ;Honduras;GRULAC;Presidentialism;27/01/1998;27/01/2002;Louisiana State University;United States;Civil engineering;https://www.cidob.org/biografias_lideres_politicos/america_central_y_caribe/honduras/carlos_roberto_flores_facusse/(language)/esl-ES;19/11/2022
Carlos Roberto Flores Facussé ;Honduras;GRULAC;Presidentialism;27/01/1998;27/01/2002;Louisiana State University;United States;International economy and finance (MA);https://www.cidob.org/biografias_lideres_politicos/america_central_y_caribe/honduras/carlos_roberto_flores_facusse/(language)/esl-ES;19/11/2022
Carlos Roberto Reina Idiáquez ;Honduras;GRULAC;Presidentialism;27/01/1994;27/01/1998;Universidad Nacional Autónoma de Honduras (UNAH);Honduras;Law and Social Sciences;https://www.cidob.org/biografias_lideres_politicos/america_central_y_caribe/honduras/carlos_roberto_reina_idiaquez/(language)/esl-ES;19/11/2022
Carlos Roberto Reina Idiáquez ;Honduras;GRULAC;Presidentialism;27/01/1994;27/01/1998;Cambridge University;United Kingdom;-;https://www.cidob.org/biografias_lideres_politicos/america_central_y_caribe/honduras/carlos_roberto_reina_idiaquez/(language)/esl-ES;19/11/2022
Carlos Roberto Reina Idiáquez ;Honduras;GRULAC;Presidentialism;27/01/1994;27/01/1998;Sorbonne Université;France;-;https://www.cidob.org/biografias_lideres_politicos/america_central_y_caribe/honduras/carlos_roberto_reina_idiaquez/(language)/esl-ES;19/11/2022
Rafael Leonardo Callejas Romero;Honduras;GRULAC;Presidentialism;27/01/1990;27/01/1994;Mississippi State University;United States;Agricultural economics ;https://www.cidob.org/biografias_lideres_politicos/america_central_y_caribe/honduras/rafael_callejas_romero/(language)/esl-ES;19/11/2022
Andrew Michael Holness;Jamaica;GRULAC;Parliamentarism;03/03/2016;-;University of the West Indies ;Jamaica;Business Administration (BA);http://www.caribbeanelections.com/knowledge/biography/bios/holness_andrew.asp;20/11/2022
Andrew Michael Holness;Jamaica;GRULAC;Parliamentarism;03/03/2016;-;University of the West Indies ;Jamaica;Business Administration (MA);http://www.caribbeanelections.com/knowledge/biography/bios/holness_andrew.asp;20/11/2022
Portia Simpson-Miller;Jamaica;GRULAC;Parliamentarism;05/01/2012;03/03/2016;Union Institute and University ;United States;Public Administration (BA);http://www.caribbeanelections.com/knowledge/biography/bios/simpson_miller_portia.asp;20/11/2022
Portia Simpson-Miller;Jamaica;GRULAC;Parliamentarism;05/01/2012;03/03/2016;Harvard University - Kennedy School of Government;United States;Executive Programme for Leaders in Development;http://www.caribbeanelections.com/knowledge/biography/bios/simpson_miller_portia.asp;20/11/2022
Andrew Michael Holness;Jamaica;GRULAC;Parliamentarism;23/10/2011;05/01/2012;University of the West Indies ;Jamaica;Business Administration (BA);http://www.caribbeanelections.com/knowledge/biography/bios/holness_andrew.asp;20/11/2022
Andrew Michael Holness;Jamaica;GRULAC;Parliamentarism;23/10/2011;05/01/2012;University of the West Indies ;Jamaica;Business Administration (MA);http://www.caribbeanelections.com/knowledge/biography/bios/holness_andrew.asp;20/11/2022
Orette Bruce Golding ;Jamaica;GRULAC;Parliamentarism;11/09/2007;23/10/2011;University of the West Indies;Jamaica;Economics ;http://www.caribbeanelections.com/knowledge/biography/bios/golding_bruce.asp;20/11/2022
Portia Simpson-Miller;Jamaica;GRULAC;Parliamentarism;30/03/2006;11/09/2007;Union Institute and University ;United States;Public Administration (BA);http://www.caribbeanelections.com/knowledge/biography/bios/simpson_miller_portia.asp;20/11/2022
Portia Simpson-Miller;Jamaica;GRULAC;Parliamentarism;30/03/2006;11/09/2007;Harvard University - Kennedy School of Government;United States;Executive Programme for Leaders in Development;http://www.caribbeanelections.com/knowledge/biography/bios/simpson_miller_portia.asp;20/11/2022
Percival Noel James Patterson;Jamaica;GRULAC;Parliamentarism;30/03/1992;30/03/2006;University of the West Indies;Jamaica;-;http://www.caribbeanelections.com/knowledge/biography/bios/patterson_percival.asp;20/11/2022
Percival Noel James Patterson;Jamaica;GRULAC;Parliamentarism;30/03/1992;30/03/2006;London School of Economics;United Kingdom;-;http://www.caribbeanelections.com/knowledge/biography/bios/patterson_percival.asp;20/11/2022
Enrique Peña Nieto ;Mexico;GRULAC;Presidentialism;01/12/2012;30/11/2018;Universidad Panamericana;Mexico;Law;https://www.cidob.org/biografias_lideres_politicos/america_del_norte/mexico/enrique_pena_nieto/(language)/esl-ES;20/11/2022
Felipe de Jesús Calderón Hinojosa ;Mexico;GRULAC;Presidentialism;01/12/2006;30/11/2012;Escuela Libre de Derecho;Mexico;Law;https://www.cidob.org/biografias_lideres_politicos/america_del_norte/mexico/felipe_calderon_hinojosa/(language)/esl-ES;20/11/2022
Felipe de Jesús Calderón Hinojosa ;Mexico;GRULAC;Presidentialism;01/12/2006;30/11/2012;Escuela Libre de Derecho;Mexico;Economics (MA);https://www.cidob.org/biografias_lideres_politicos/america_del_norte/mexico/felipe_calderon_hinojosa/(language)/esl-ES;20/11/2022
Felipe de Jesús Calderón Hinojosa ;Mexico;GRULAC;Presidentialism;01/12/2006;30/11/2012;Universidad de Harvard;United States;Public Administration (MA);https://www.cidob.org/biografias_lideres_politicos/america_del_norte/mexico/felipe_calderon_hinojosa/(language)/esl-ES;20/11/2022
Vicente Fox Quesada ;Mexico;GRULAC;Presidentialism;01/12/2000;30/11/2006;Universidad Iberoamericana;Mexico;Business Administration (unfinished);https://www.cidob.org/biografias_lideres_politicos/america_del_norte/mexico/vicente_fox_quesada/(language)/esl-ES;20/11/2022
Vicente Fox Quesada ;Mexico;GRULAC;Presidentialism;01/12/2000;30/11/2006;Harvard University;United States;Business Administration;https://www.cidob.org/biografias_lideres_politicos/america_del_norte/mexico/vicente_fox_quesada/(language)/esl-ES;20/11/2022
Ernesto Zedillo Ponce de León ;Mexico;GRULAC;Presidentialism;01/12/1994;30/11/2000;Escuela Superior de Economía del Instituto Politécnico Nacional ;Mexico;Economics;https://www.cidob.org/biografias_lideres_politicos/america_del_norte/mexico/ernesto_zedillo_ponce_de_leon/(language)/esl-ES;20/11/2022
Ernesto Zedillo Ponce de León ;Mexico;GRULAC;Presidentialism;01/12/1994;30/11/2000;Yale University;United States;Economics;https://www.cidob.org/biografias_lideres_politicos/america_del_norte/mexico/ernesto_zedillo_ponce_de_leon/(language)/esl-ES;20/11/2022
Ernesto Zedillo Ponce de León ;Mexico;GRULAC;Presidentialism;01/12/1994;30/11/2000;Yale University;United States;Economics (Ph.D.);https://www.cidob.org/biografias_lideres_politicos/america_del_norte/mexico/ernesto_zedillo_ponce_de_leon/(language)/esl-ES;20/11/2022
Carlos Salinas de Gortari ;Mexico;GRULAC;Presidentialism;01/12/1988;30/11/1994;Universidad Nacional Autónoma de México ;Mexico;Economics;https://www.cidob.org/biografias_lideres_politicos/america_del_norte/mexico/carlos_salinas_de_gortari/(language)/esl-ES;20/11/2022
Carlos Salinas de Gortari ;Mexico;GRULAC;Presidentialism;01/12/1988;30/11/1994;Harvard University;United States;Public Administration (MA);https://www.cidob.org/biografias_lideres_politicos/america_del_norte/mexico/carlos_salinas_de_gortari/(language)/esl-ES;20/11/2022
Carlos Salinas de Gortari ;Mexico;GRULAC;Presidentialism;01/12/1988;30/11/1994;Harvard University;United States;Political economy (MA);https://www.cidob.org/biografias_lideres_politicos/america_del_norte/mexico/carlos_salinas_de_gortari/(language)/esl-ES;20/11/2022
Carlos Salinas de Gortari ;Mexico;GRULAC;Presidentialism;01/12/1988;30/11/1994;Harvard University;United States;Polical economy and government (Ph.D.);https://www.cidob.org/biografias_lideres_politicos/america_del_norte/mexico/carlos_salinas_de_gortari/(language)/esl-ES;20/11/2022
José Daniel Ortega Saavedra ;Nicaragua;GRULAC;Presidentialism;10/01/2007;-;Universidad Centroamericana ;Nicaragua;Law (unfinished);https://www.cidob.org/biografias_lideres_politicos/america_central_y_caribe/nicaragua/daniel_ortega_saavedra/(language)/esl-ES;20/11/2022
Enrique José Bolaños Geyer ;Nicaragua;GRULAC;Presidentialism;10/01/2022;10/01/2007;"	Saint Louis University";United States;Engineering;https://www.cidob.org/biografias_lideres_politicos/america_central_y_caribe/nicaragua/enrique_bolanos_geyer/(language)/esl-ES;20/11/2022
Enrique José Bolaños Geyer ;Nicaragua;GRULAC;Presidentialism;10/01/2022;10/01/2007;Instituto Centroamericano de Administración de Empresas (INCAE) ;Costa Rica;-;https://www.cidob.org/biografias_lideres_politicos/america_central_y_caribe/nicaragua/enrique_bolanos_geyer/(language)/esl-ES;20/11/2022
José Arnoldo Alemán Lacayo ;Nicaragua;GRULAC;Presidentialism;10/01/1997;10/01/2002;Universidad Nacional Autónoma ;Nicaragua;Law;https://www.cidob.org/biografias_lideres_politicos/america_central_y_caribe/nicaragua/arnoldo_aleman_lacayo/(language)/esl-ES;20/11/2022
Violeta Barrios Torres de Chamorro ;Nicaragua;GRULAC;Presidentialism;25/04/1990;10/01/1997;Blackstone College for Girls;United States;Secretariat (unfinished);https://www.cidob.org/biografias_lideres_politicos/america_central_y_caribe/nicaragua/violeta_barrios_de_chamorro/(language)/esl-ES;20/11/2022
Juan Carlos Varela Rodríguez ;Panama;GRULAC;Presidentialism;01/07/2014;01/07/2019;Georgia Institute of Technology;United States;Industrial engineering;https://www.cidob.org/biografias_lideres_politicos/america_central_y_caribe/panama/juan_carlos_varela_rodriguez/(language)/esl-ES;20/11/2022
Ricardo Alberto Martinelli Berrocal ;Panama;GRULAC;Presidentialism;01/07/2009;01/07/2014;University of Arkansas, Fayetteville;United States;Business Administration;https://www.cidob.org/biografias_lideres_politicos/america_central_y_caribe/panama/ricardo_martinelli_berrocal/(language)/esl-ES;20/11/2022
Ricardo Alberto Martinelli Berrocal ;Panama;GRULAC;Presidentialism;01/07/2009;01/07/2014;Instituto Centroamericano de Administración de Empresas;Costa Rica;Finance (MA);https://www.cidob.org/biografias_lideres_politicos/america_central_y_caribe/panama/ricardo_martinelli_berrocal/(language)/esl-ES;20/11/2022
Martín Erasto Torrijos Espino ;Panama;GRULAC;Presidentialism;01/09/2004;01/07/2009;Texas Agricultural and Mechanical University ;United States;Political Science and Economics;https://www.cidob.org/biografias_lideres_politicos/america_central_y_caribe/panama/martin_torrijos_espino/(language)/esl-ES;20/11/2022
Mireya Elisa Moscoso Rodríguez de Arias ;Panama;GRULAC;Presidentialism;01/09/1999;01/09/2004;Miami Dade Community College;United States;Interior design;https://www.cidob.org/biografias_lideres_politicos/america_central_y_caribe/panama/mireya_moscoso_de_arias/(language)/esl-ES;20/11/2022
Ernesto Pérez Balladares González-Revilla ;Panama;GRULAC;Presidentialism;01/09/1994;01/09/1999;University of Notre Dame ;United States;Economics and Finance (BA);https://www.cidob.org/biografias_lideres_politicos/america_central_y_caribe/panama/ernesto_perez_balladares/(language)/esl-ES;20/11/2022
Ernesto Pérez Balladares González-Revilla ;Panama;GRULAC;Presidentialism;01/09/1994;01/09/1999;University of Pennsylvania.;United States;Business Administration (MA);https://www.cidob.org/biografias_lideres_politicos/america_central_y_caribe/panama/ernesto_perez_balladares/(language)/esl-ES;20/11/2022
Guillermo David Endara Galimany;Panama;GRULAC;Presidentialism;20/12/1989;01/09/1994;Universidad de Panamá;Panama;Law and Political Science;https://www.cidob.org/biografias_lideres_politicos/america_central_y_caribe/panama/guillermo_endara_galimany/(language)/esl-ES;20/11/2022
Guillermo David Endara Galimany;Panama;GRULAC;Presidentialism;20/12/1989;01/09/1994;New York University;United States;Law;https://www.cidob.org/biografias_lideres_politicos/america_central_y_caribe/panama/guillermo_endara_galimany/(language)/esl-ES;20/11/2022
Horacio Manuel Cartes Jara ;Paraguay;GRULAC;Presidentialism;15/08/2013;15/08/2018;Spartan School of Aeronautics;United States;Aviation mechanics ;https://www.cidob.org/biografias_lideres_politicos/america_del_sur/paraguay/horacio_cartes_jara/(language)/esl-ES;20/11/2022
Luis Federico Franco Gómez ;Paraguay;GRULAC;Presidentialism;22/06/2012;15/08/2013;Universidad Nacional de Asunción ;Paraguay;Medicine;https://www.cidob.org/biografias_lideres_politicos/america_del_sur/paraguay/federico_franco_gomez/(language)/esl-ES;20/11/2022
Fernando Armindo Lugo Méndez ;Paraguay;GRULAC;Presidentialism;15/08/2008;22/06/2012;Universidad Católica Nuestra Señora de la Asunción ;Paraguay;Theology;https://www.cidob.org/biografias_lideres_politicos/america_del_sur/paraguay/fernando_lugo_mendez/(language)/esl-ES;20/11/2022
Fernando Armindo Lugo Méndez ;Paraguay;GRULAC;Presidentialism;15/08/2008;22/06/2012;Pontificia Universidad Gregoriana;Italy;Theology;https://www.cidob.org/biografias_lideres_politicos/america_del_sur/paraguay/fernando_lugo_mendez/(language)/esl-ES;20/11/2022
Óscar Nicanor Duarte Frutos ;Paraguay;GRULAC;Presidentialism;15/08/2003;15/08/2008;Universidad Católica de Asunción ;Paraguay;Law;https://www.cidob.org/biografias_lideres_politicos/america_del_sur/paraguay/nicanor_duarte_frutos/(language)/esl-ES;20/11/2022
Óscar Nicanor Duarte Frutos ;Paraguay;GRULAC;Presidentialism;15/08/2003;15/08/2008;Universidad Nacional de Asunción;Paraguay;Philosophy;https://www.cidob.org/biografias_lideres_politicos/america_del_sur/paraguay/nicanor_duarte_frutos/(language)/esl-ES;20/11/2022
Óscar Nicanor Duarte Frutos ;Paraguay;GRULAC;Presidentialism;15/08/2003;15/08/2008;Universidad Nacional de Asunción;Paraguay;Political Science (MA);https://www.cidob.org/biografias_lideres_politicos/america_del_sur/paraguay/nicanor_duarte_frutos/(language)/esl-ES;20/11/2022
Luis Ángel González Macchi;Paraguay;GRULAC;Presidentialism;29/03/1999;15/08/2003;Universidad Nacional de Asunción;Paraguay;Law and Social Sciences;https://www.cidob.org/biografias_lideres_politicos/america_del_sur/paraguay/luis_gonzalez_macchi/(language)/esl-ES;20/11/2022
Raúl Cubas Grau;Paraguay;GRULAC;Presidentialism;15/08/1998;29/03/1999;Pontifícia Universidade Católica do Rio de Janeiro ;Brazil;Electrical engineering;https://www.cidob.org/biografias_lideres_politicos/america_del_sur/paraguay/raul_cubas_grau/(language)/esl-ES;20/11/2022
Juan Carlos Wasmosy Monti ;Paraguay;GRULAC;Presidentialism;15/08/1993;15/08/1998;Universidad Nacional de Asunción ;Paraguay;Civil engineering;https://www.cidob.org/biografias_lideres_politicos/america_del_sur/paraguay/juan_carlos_wasmosy_monti/(language)/esl-ES;20/11/2022
Andrés Rodríguez Pedotti ;Paraguay;GRULAC;Presidentialism;03/02/1989;15/08/1993;Colegio Militar Mariscal Francisco Solano López;Paraguay;-;https://www.cidob.org/biografias_lideres_politicos/america_del_sur/paraguay/andres_rodriguez_pedotti/(language)/esl-ES;20/11/2022
Pedro Pablo Kuczynski Godard ;Peru;GRULAC;Presidentialism;28/07/2016;23/03/2018;Oxford University;United Kingdom;Political Science and Economics;https://www.cidob.org/biografias_lideres_politicos/america_del_sur/peru/pedro_pablo_kuczynski_godard/(language)/esl-ES;20/11/2022
Pedro Pablo Kuczynski Godard ;Peru;GRULAC;Presidentialism;28/07/2016;23/03/2018;Princeton University;United States;Public Administration (MA);https://www.cidob.org/biografias_lideres_politicos/america_del_sur/peru/pedro_pablo_kuczynski_godard/(language)/esl-ES;20/11/2022
Ollanta Moisés Humala Tasso ;Peru;GRULAC;Presidentialism;28/07/2011;28/07/2016;Escuela Militar Coronel Francisco Bolognesi de Chorrillos ;Peru;-;https://www.cidob.org/biografias_lideres_politicos/america_del_sur/peru/ollanta_humala_tasso/(language)/esl-ES;20/11/2022
Ollanta Moisés Humala Tasso ;Peru;GRULAC;Presidentialism;28/07/2011;28/07/2016;Pontificia Universidad Católica del Perú;Peru;Political Science (MA);https://www.cidob.org/biografias_lideres_politicos/america_del_sur/peru/ollanta_humala_tasso/(language)/esl-ES;20/11/2022
Alan Gabriel Ludwig García Pérez ;Peru;GRULAC;Presidentialism;28/07/2006;28/07/2011;Pontificia Universidad Católica del Perú ;Peru;Law;https://www.cidob.org/biografias_lideres_politicos/america_del_sur/peru/alan_garcia_perez/(language)/esl-ES;20/11/2022
Alan Gabriel Ludwig García Pérez ;Peru;GRULAC;Presidentialism;28/07/2006;28/07/2011;Universidad Nacional Mayor de San Marcos;Peru;Law;https://www.cidob.org/biografias_lideres_politicos/america_del_sur/peru/alan_garcia_perez/(language)/esl-ES;20/11/2022
Alan Gabriel Ludwig García Pérez ;Peru;GRULAC;Presidentialism;28/07/2006;28/07/2011;Universidad Complutense de Madrid;Madrid;Law (Ph.D.);https://www.cidob.org/biografias_lideres_politicos/america_del_sur/peru/alan_garcia_perez/(language)/esl-ES;20/11/2022
Alan Gabriel Ludwig García Pérez ;Peru;GRULAC;Presidentialism;28/07/2006;28/07/2011;Universidad de la Sorbona;France;Sociology;https://www.cidob.org/biografias_lideres_politicos/america_del_sur/peru/alan_garcia_perez/(language)/esl-ES;20/11/2022
Alejandro Celestino Toledo Manrique ;Peru;GRULAC;Presidentialism;28/07/2001;28/07/2006;University of San Francisco;United States;Economics;https://www.cidob.org/biografias_lideres_politicos/america_del_sur/peru/alejandro_toledo_manrique/(language)/esl-ES;20/11/2022
Alejandro Celestino Toledo Manrique ;Peru;GRULAC;Presidentialism;28/07/2001;28/07/2006;Stanford University;United States;Economics;https://www.cidob.org/biografias_lideres_politicos/america_del_sur/peru/alejandro_toledo_manrique/(language)/esl-ES;20/11/2022
Alejandro Celestino Toledo Manrique ;Peru;GRULAC;Presidentialism;28/07/2001;28/07/2006;Stanford University;United States;Education;https://www.cidob.org/biografias_lideres_politicos/america_del_sur/peru/alejandro_toledo_manrique/(language)/esl-ES;20/11/2022
Alejandro Celestino Toledo Manrique ;Peru;GRULAC;Presidentialism;28/07/2001;28/07/2006;Stanford University;United States;Education (Ph.D.);https://www.cidob.org/biografias_lideres_politicos/america_del_sur/peru/alejandro_toledo_manrique/(language)/esl-ES;20/11/2022
Valentín Toribio Demetrio Agustin Paniagua Corazao ;Peru;GRULAC;Presidentialism;22/11/2000;28/07/2001;National University of San Antonio Abad;Peru;Spanish and Law;https://www.cidob.org/biografias_lideres_politicos/america_del_sur/peru/valentin_paniagua_corazao/(language)/esl-ES;20/11/2022
Valentín Toribio Demetrio Agustin Paniagua Corazao ;Peru;GRULAC;Presidentialism;22/11/2000;28/07/2001;Universidad Nacional Mayor de San Marcos ;Peru;Law;https://www.cidob.org/biografias_lideres_politicos/america_del_sur/peru/valentin_paniagua_corazao/(language)/esl-ES;20/11/2022
Alberto Kenya Fujimori Inomoto;Peru;GRULAC;Presidentialism;28/07/1990;22/11/2000;Universidad Nacional Agraria La Molina ;Peru;Agricultural engineer;https://www.cidob.org/biografias_lideres_politicos/america_del_sur/peru/alberto_fujimori/(language)/esl-ES;20/11/2022
Alberto Kenya Fujimori Inomoto;Peru;GRULAC;Presidentialism;28/07/1990;22/11/2000;Université de Strasbourg;France;Mathematics;https://www.cidob.org/biografias_lideres_politicos/america_del_sur/peru/alberto_fujimori/(language)/esl-ES;20/11/2022
Alberto Kenya Fujimori Inomoto;Peru;GRULAC;Presidentialism;28/07/1990;22/11/2000;University of Wisconsin;United States;Mathematics (MA);https://www.cidob.org/biografias_lideres_politicos/america_del_sur/peru/alberto_fujimori/(language)/esl-ES;20/11/2022
Allen Michael Chastanet;Saint Lucia;GRULAC;Parliamentarism;07/06/2016;28/07/2021;Bishops University ;Canada;Economics and Political Science (BA);http://www.caribbeanelections.com/knowledge/biography/bios/chastanet_allen.asp;20/11/2022
Allen Michael Chastanet;Saint Lucia;GRULAC;Parliamentarism;07/06/2016;28/07/2021;American University;United States;Development Banking (MA);http://www.caribbeanelections.com/knowledge/biography/bios/chastanet_allen.asp;20/11/2022
Kenny Davis Anthony ;Saint Lucia;GRULAC;Parliamentarism;30/11/2011;07/06/2016;University of the West Indies ;Jamaica;Law;http://www.caribbeanelections.com/knowledge/biography/bios/anthony_kenny.asp;20/11/2022
Kenny Davis Anthony ;Saint Lucia;GRULAC;Parliamentarism;30/11/2011;07/06/2016;University of Birmingham;United Kingdom;Law (Ph.D.);http://www.caribbeanelections.com/knowledge/biography/bios/anthony_kenny.asp;20/11/2022
Stephenson King ;Saint Lucia;GRULAC;Parliamentarism;01/05/2007;30/11/2011;-;-;-;http://www.caribbeanelections.com/knowledge/biography/bios/king_stephenson.asp;20/11/2022
John George Melvin Compton;Saint Lucia;GRULAC;Parliamentarism;11/12/2006;07/09/2007;University of Wales;United Kingdom;Law and Economics;http://www.caribbeanelections.com/knowledge/biography/bios/compton_john.asp;20/11/2022
Kenny Davis Anthony ;Saint Lucia;GRULAC;Parliamentarism;24/05/1997;15/12/2006;University of the West Indies ;Jamaica;Law;http://www.caribbeanelections.com/knowledge/biography/bios/anthony_kenny.asp;20/11/2022
Kenny Davis Anthony ;Saint Lucia;GRULAC;Parliamentarism;24/05/1997;15/12/2006;University of Birmingham;United Kingdom;Law (Ph.D.);http://www.caribbeanelections.com/knowledge/biography/bios/anthony_kenny.asp;20/11/2022
Vaughan Allen Lewis;Saint Lucia;GRULAC;Parliamentarism;02/04/1996;24/05/1997;University of Manchester ;United Kingdom;Political science;http://www.caribbeanelections.com/knowledge/biography/bios/lewis_vaughan.asp;20/11/2022
Vaughan Allen Lewis;Saint Lucia;GRULAC;Parliamentarism;02/04/1996;24/05/1997;University of Manchester ;United Kingdom;Political Science (PhD);http://www.caribbeanelections.com/knowledge/biography/bios/lewis_vaughan.asp;20/11/2022
John George Melvin Compton;Saint Lucia;GRULAC;Parliamentarism;03/11/1982;02/04/1996;University of Wales;United Kingdom;Law and Economics;http://www.caribbeanelections.com/knowledge/biography/bios/compton_john.asp;20/11/2022
Timothy Sylvester Harris ;Saint Kitts and Nevis ;GRULAC;Parliamentarism;18/02/2015;06/08/2022;University of the West Indies - Cave Hill ;Barbados;Accounting;http://www.caribbeanelections.com/knowledge/biography/bios/harris_timothy.asp;20/11/2022
Timothy Sylvester Harris ;Saint Kitts and Nevis ;GRULAC;Parliamentarism;18/02/2015;06/08/2022;University of the West Indies - St. Augustine Campus;Barbados;Accounting (MA);http://www.caribbeanelections.com/knowledge/biography/bios/harris_timothy.asp;20/11/2022
Timothy Sylvester Harris ;Saint Kitts and Nevis ;GRULAC;Parliamentarism;18/02/2015;06/08/2022;Concordia University;Canada;Administration and Accounting (Ph.D.);http://www.caribbeanelections.com/knowledge/biography/bios/harris_timothy.asp;20/11/2022
Denzil Llewellyn Douglas ;Saint Kitts and Nevis ;GRULAC;Parliamentarism;06/07/1995;18/02/2015;University of West Indies - Mona Campus;Jamaica;Medicine;http://www.caribbeanelections.com/knowledge/biography/bios/douglas_denzil.asp;20/11/2022
Kennedy Alphonse Simmonds;Saint Kitts and Nevis ;GRULAC;Parliamentarism;19/07/1983;07/07/1995;University of West Indies - Mona Campus;Jamaica;Medicine;http://www.caribbeanelections.com/knowledge/biography/bios/simmonds_kennedy.asp;20/11/2022
Kennedy Alphonse Simmonds;Saint Kitts and Nevis ;GRULAC;Parliamentarism;19/07/1983;07/07/1995;Kingston Public Hospital;Jamaica;Medicine;http://www.caribbeanelections.com/knowledge/biography/bios/simmonds_kennedy.asp;20/11/2022
Ralph Everard Gonsalves ;Saint Vincent and the Grenadines;GRULAC;Parliamentarism;28/03/2001;-;University of West Indies - Mona Campus;Jamaica;Economics (BA);http://www.caribbeanelections.com/knowledge/biography/bios/gonsalves_ralph.asp;20/11/2022
Ralph Everard Gonsalves ;Saint Vincent and the Grenadines;GRULAC;Parliamentarism;28/03/2001;-;University of West Indies - Mona Campus;Jamaica;Public Administration (MA);http://www.caribbeanelections.com/knowledge/biography/bios/gonsalves_ralph.asp;20/11/2022
Ralph Everard Gonsalves ;Saint Vincent and the Grenadines;GRULAC;Parliamentarism;28/03/2001;-;University of Manchester;United Kingdom;Public Administration (Ph.D.);http://www.caribbeanelections.com/knowledge/biography/bios/gonsalves_ralph.asp;20/11/2022
Arnhim Ulric Eustace ;Saint Vincent and the Grenadines;GRULAC;Parliamentarism;27/10/2000;28/03/2001;Sir George William University ;Canada;Economics (BA);http://www.caribbeanelections.com/knowledge/biography/bios/eustace_arnhim.asp;20/11/2022
Arnhim Ulric Eustace ;Saint Vincent and the Grenadines;GRULAC;Parliamentarism;27/10/2000;28/03/2001;University of Windsor;Canada;Development Economics (MSc);http://www.caribbeanelections.com/knowledge/biography/bios/eustace_arnhim.asp;20/11/2022
James Fitz-Allen Mitchell ;Saint Vincent and the Grenadines;GRULAC;Parliamentarism;30/07/1984;27/10/2000;University of British Colombia;Canada;Agronomy;http://www.caribbeanelections.com/knowledge/biography/bios/mitchell_james.asp;20/11/2022
Desiré Delano Bouterse;Suriname;GRULAC;Presidentialism;12/08/2010;16/07/2020;Koninklijke Militaire School;Netherlands;-;https://archive.ph/OU1JZ#selection-1099.137-1099.175;20/11/2022
Ronald Runaldo Venetiaan ;Suriname;GRULAC;Presidentialism;12/08/2000;12/08/2010;Leiden University ;Netherlands;Mathematics ;http://www.caribbeanelections.com/knowledge/biography/bios/venetiaan_ronald.asp;20/11/2022
Jules Albert Wijdenbosch ;Suriname;GRULAC;Presidentialism;15/09/1996;12/08/2000;Universiteit van Amsterdam;Netherlands;Political Science;http://www.caribbeanelections.com/knowledge/biography/bios/wijdenbosch_jules.asp;20/11/2022
Ronald Runaldo Venetiaan ;Suriname;GRULAC;Presidentialism;16/09/1991;15/09/1996;Leiden University ;Netherlands;Mathematics ;http://www.caribbeanelections.com/knowledge/biography/bios/venetiaan_ronald.asp;20/11/2022
Keith Christopher Rowley ;Trinidad and Tobago;GRULAC;Parliamentarism;09/09/2015;-;University of West Indies - Mona Campus;Jamaica;Geology and Geography;http://www.caribbeanelections.com/knowledge/biography/bios/rowley_keith.asp;21/11/2022
Keith Christopher Rowley ;Trinidad and Tobago;GRULAC;Parliamentarism;09/09/2015;-;The University of the West Indies - St. Augustine Campus;Trinidad and Tobago;Volcanic Stratigraphy (MSc);http://www.caribbeanelections.com/knowledge/biography/bios/rowley_keith.asp;21/11/2022
Keith Christopher Rowley ;Trinidad and Tobago;GRULAC;Parliamentarism;09/09/2015;-;The University of the West Indies - St. Augustine Campus;Trinidad and Tobago;Geology (Ph.D.);http://www.caribbeanelections.com/knowledge/biography/bios/rowley_keith.asp;21/11/2022
Kamla Persad-Bissessar ;Trinidad and Tobago;GRULAC;Parliamentarism;26/05/2010;09/09/2015;Norwood Technical College;United Kingdom;Law;https://www.facebook.com/story.php?story_fbid=10156359453829798&id=348203869797;21/11/2022
Kamla Persad-Bissessar ;Trinidad and Tobago;GRULAC;Parliamentarism;26/05/2010;09/09/2015;University of West Indies - Mona Campus;Jamaica;Education;http://www.caribbeanelections.com/knowledge/biography/bios/persad_bissessar_kamla.asp;21/11/2022
Kamla Persad-Bissessar ;Trinidad and Tobago;GRULAC;Parliamentarism;26/05/2010;09/09/2015;Hugh Wooding Law School;Trinidad and Tobago;Law;http://www.caribbeanelections.com/knowledge/biography/bios/persad_bissessar_kamla.asp;21/11/2022
Kamla Persad-Bissessar ;Trinidad and Tobago;GRULAC;Parliamentarism;26/05/2010;09/09/2015;Arthur Lok Jack Graduate School of Business;Trinidad and Tobago;Business Administration (EM);http://www.caribbeanelections.com/knowledge/biography/bios/persad_bissessar_kamla.asp;21/11/2022
Patrick Augustus Mervyn Manning ;Trinidad and Tobago;GRULAC;Parliamentarism;24/12/2001;26/05/2010;University of West Indies - Mona Campus;Jamaica;Geology;http://www.caribbeanelections.com/knowledge/biography/bios/manning_patrick.asp;21/11/2022
Basdeo Panday ;Trinidad and Tobago;GRULAC;Parliamentarism;09/11/1995;24/12/2001;The Honourable Society of Lincoln's Inn ;United Kingdom;Law;http://www.caribbeanelections.com/knowledge/biography/bios/panday_basdeo.asp;21/11/2022
Basdeo Panday ;Trinidad and Tobago;GRULAC;Parliamentarism;09/11/1995;24/12/2001;London University;United Kingdom;Economics;http://www.caribbeanelections.com/knowledge/biography/bios/panday_basdeo.asp;21/11/2022
Basdeo Panday ;Trinidad and Tobago;GRULAC;Parliamentarism;09/11/1995;24/12/2001;London School of Dramatic Art;United Kingdom;Drama;http://www.caribbeanelections.com/knowledge/biography/bios/panday_basdeo.asp;21/11/2022
Patrick Augustus Mervyn Manning ;Trinidad and Tobago;GRULAC;Parliamentarism;17/12/1991;09/11/1995;University of West Indies - Mona Campus;Jamaica;Geology;http://www.caribbeanelections.com/knowledge/biography/bios/manning_patrick.asp;21/11/2022
Tabaré Ramón Vázquez Rosas ;Uruguay;GRULAC;Presidentialism;01/03/2015;01/03/2020;Universidad de la República;Uruguay;Medicine;https://www.cidob.org/biografias_lideres_politicos/america_del_sur/uruguay/tabare_vazquez_rosas/(language)/esl-ES;21/11/2022
Tabaré Ramón Vázquez Rosas ;Uruguay;GRULAC;Presidentialism;01/03/2015;01/03/2020;Instituto Gustave Roussy de Paris;France;Medicine;https://www.cidob.org/biografias_lideres_politicos/america_del_sur/uruguay/tabare_vazquez_rosas/(language)/esl-ES;21/11/2022
José Alberto Mujica Cordano;Uruguay;GRULAC;Presidentialism;01/03/2010;01/03/2015;-;-;-;https://www.cidob.org/biografias_lideres_politicos/america_del_sur/uruguay/jose_mujica_cordano/(language)/esl-ES;21/11/2022
Tabaré Ramón Vázquez Rosas ;Uruguay;GRULAC;Presidentialism;01/05/2005;01/03/2010;Universidad de la República;Uruguay;Medicine;https://www.cidob.org/biografias_lideres_politicos/america_del_sur/uruguay/tabare_vazquez_rosas/(language)/esl-ES;21/11/2022
Tabaré Ramón Vázquez Rosas ;Uruguay;GRULAC;Presidentialism;01/05/2005;01/03/2010;Instituto Gustave Roussy de Paris;France;Medicine;https://www.cidob.org/biografias_lideres_politicos/america_del_sur/uruguay/tabare_vazquez_rosas/(language)/esl-ES;21/11/2022
Jorge Luis Batlle Ibáñez ;Uruguay;GRULAC;Presidentialism;01/03/2000;01/03/2005;Universidad de la República;Uruguay;Law and Social Sciences;https://www.cidob.org/biografias_lideres_politicos/america_del_sur/uruguay/jorge_luis_batlle_ibanez/(language)/esl-ES;21/11/2022
Julio María Sanguinetti Coirolo ;Uruguay;GRULAC;Presidentialism;01/03/1995;01/03/2000;Universidad de Montevideo;Uruguay;Law and Social Sciences;https://www.cidob.org/biografias_lideres_politicos/america_del_sur/uruguay/julio_maria_sanguinetti_coirolo/(language)/esl-ES;21/11/2022
Luis Alberto Lacalle de Herrera ;Uruguay;GRULAC;Presidentialism;01/03/1990;01/03/1995;Universidad de Montevideo;Uruguay;Law and Social Sciences;https://www.cidob.org/biografias_lideres_politicos/america_del_sur/uruguay/luis_alberto_lacalle_herrera/(language)/esl-ES;21/11/2022
Nicolás Maduro Moros ;Venezuela;GRULAC;Presidentialism;05/03/2013;-;-;-;-;https://www.cidob.org/biografias_lideres_politicos/america_del_sur/venezuela/nicolas_maduro_moros/(language)/esl-ES;21/11/2022
Hugo Rafael Chávez Frías ;Venezuela;GRULAC;Presidentialism;14/04/2002;05/03/2013;Academia Militar de Venezuela;Venezuela;Military Sciences;https://www.cidob.org/biografias_lideres_politicos/america_del_sur/venezuela/hugo_chavez_frias/(language)/esl-ES;21/11/2022
Rafael Antonio Caldera Rodríguez;Venezuela;GRULAC;Presidentialism;02/02/1994;02/02/1999;Universidad Central de Venezuela ;Venezuela;Law;https://www.cidob.org/biografias_lideres_politicos/america_del_sur/venezuela/rafael_caldera_rodriguez/(language)/esl-ES;21/11/2022
Ramón José Velásquez Mujica ;Venezuela;GRULAC;Presidentialism;05/06/1993;02/02/1994;Universidad Central de Venezuela ;Venezuela;Law;https://www.cidob.org/biografias_lideres_politicos/america_del_sur/venezuela/ramon_jose_velasquez_mujica/(language)/esl-ES;21/11/2022
Carlos Andrés Pérez Rodríguez;Venezuela;GRULAC;Presidentialism;02/02/1989;21/05/1993;Universidad Central de Venezuela ;Venezuela;Law;https://www.cidob.org/biografias_lideres_politicos/america_del_sur/venezuela/carlos_andres_perez_rodriguez/(language)/esl-ES;21/11/2022
